run_0,run_1,run_2,run_3,run_4,run_5,run_6,run_7
scene_fastERP,screen_fastERP,scene_fastERP,scene_Kolkhorst,scene_Kolkhorst,screen_cVEP,scene_cVEP,scene_fastERP
scene_fastERP,screen_fastERP,scene_fastERP,scene_Kolkhorst,scene_Kolkhorst,screen_cVEP,scene_cVEP,scene_fastERP
screen_cVEP,scene_fastERP,scene_Kolkhorst,scene_fastERP,scene_cVEP,scene_cVEP,scene_Kolkhorst,scene_cVEP
screen_cVEP,scene_fastERP,scene_Kolkhorst,scene_fastERP,scene_cVEP,scene_cVEP,scene_Kolkhorst,scene_cVEP
scene_cVEP,scene_cVEP,screen_fastERP,scene_cVEP,screen_fastERP,scene_Kolkhorst,screen_cVEP,screen_cVEP
scene_cVEP,scene_cVEP,screen_fastERP,scene_cVEP,screen_fastERP,scene_Kolkhorst,screen_cVEP,screen_cVEP
scene_Kolkhorst,scene_Kolkhorst,screen_cVEP,screen_fastERP,scene_fastERP,screen_fastERP,scene_fastERP,scene_Kolkhorst
scene_Kolkhorst,scene_Kolkhorst,screen_cVEP,screen_fastERP,scene_fastERP,screen_fastERP,scene_fastERP,scene_Kolkhorst
screen_fastERP,screen_cVEP,scene_cVEP,screen_cVEP,screen_cVEP,scene_fastERP,screen_fastERP,screen_fastERP
screen_fastERP,screen_cVEP,scene_cVEP,screen_cVEP,screen_cVEP,scene_fastERP,screen_fastERP,screen_fastERP
